accNo, name, age,pan,phoneNo,nomineeName,balance

314269138,kholi  virat,39,hgkfd67gh,7806944932,basga,1270.0
111913821,mohamed tharfi,21,hfghj78th,1234567890,hsgf,675.000000
537162147,th tah,21,hkgpm67qa,7806922932,thad,975.0

223694921,Mohamed Tharif,21,Hkghd67Hj,7805912345,Tharif,1000.000000
339627493,Jp Shah,24,kmnop67qr,1234567890,tharif,1568.0
